id,class_0,class_1
00eed32682bb,0.8290914494423517,0.17090855235651553
010ebe33f668,0.8290914494423517,0.17090855235651553
02fa521e1838,0.8290914494423517,0.17090855235651553
040e15f562a2,0.8290914494423517,0.17090855235651553
046e85c7cc7f,0.8290914494423517,0.17090855235651553
